<?xml version="1.0" encoding="UTF-8"?>
<project-private xmlns="http://www.netbeans.org/ns/project-private/1">
    <editor-bookmarks xmlns="http://www.netbeans.org/ns/editor-bookmarks/2" lastBookmarkId="0"/>
    <open-files xmlns="http://www.netbeans.org/ns/projectui-open-files/2">
        <group>
            <file>file:/E:/Dropbox/PersonalProjects/PIC%20Projects/4Dig-7SEG-Display/4Dig-7SEG-Display.X/main.c</file>
            <file>file:/E:/Dropbox/PersonalProjects/PIC%20Projects/4Dig-7SEG-Display/4Dig-7SEG-Display.X/mcc_generated_files/pin_manager.c</file>
            <file>file:/E:/Dropbox/PersonalProjects/PIC%20Projects/4Dig-7SEG-Display/4Dig-7SEG-Display.X/mcc_generated_files/pin_manager.h</file>
            <file>file:/E:/Dropbox/PersonalProjects/PIC%20Projects/4Dig-7SEG-Display/4Dig-7SEG-Display.X/mcc_generated_files/tmr0.c</file>
            <file>file:/E:/Dropbox/PersonalProjects/PIC%20Projects/4Dig-7SEG-Display/4Dig-7SEG-Display.X/functions.c</file>
        </group>
    </open-files>
</project-private>
